count, mergeSort
10000,0.719200
50000,4.878600
100000,8.589200
500000,41.803300
1000000,85.050400
10000,0.688500
50000,3.877600
100000,7.811400
500000,42.477300
1000000,84.521800
10000,0.691500
50000,3.858700
100000,8.678500
500000,41.993800
1000000,84.613100
10000,0.688500
50000,4.223700
100000,7.808000
500000,41.316000
1000000,85.778900
10000,0.686600
50000,3.752700
100000,7.653200
500000,43.044900
1000000,86.408200
10000,0.690000
50000,4.283500
100000,7.959100
500000,41.299300
1000000,83.961300
10000,0.708600
50000,4.118700
100000,7.942500
500000,42.477900
1000000,85.057900
10000,0.694300
50000,3.724500
100000,7.920100
500000,41.166600
1000000,84.519600
10000,0.737000
50000,4.223000
100000,8.209900
500000,40.765900
1000000,84.395300
10000,0.691800
50000,3.720800
100000,8.120200
500000,40.715800
1000000,84.680500
10000,0.734200
50000,3.727100
100000,8.091300
500000,41.444500
1000000,85.003200
10000,0.688800
50000,3.715800
100000,7.793000
500000,41.868000
1000000,86.342100
10000,0.693900
50000,3.693100
100000,8.117000
500000,42.753400
1000000,84.838100
10000,0.808300
50000,3.693100
100000,7.642600
500000,41.155500
1000000,84.344700
10000,0.694000
50000,3.789200
100000,8.011000
500000,42.209700
1000000,84.319600
10000,0.696000
50000,3.912900
100000,8.044700
500000,41.697500
1000000,86.072500
10000,0.701000
50000,3.709100
100000,7.556100
500000,40.518000
1000000,85.792300
10000,0.693100
50000,3.749300
100000,8.273600
500000,41.520000
1000000,83.870900
10000,0.692700
50000,3.729500
100000,7.627000
500000,42.528600
1000000,85.936900
10000,0.782500
50000,3.673600
100000,7.543500
500000,40.661600
1000000,84.755600
10000,0.706100
50000,4.186200
100000,8.385300
500000,42.337400
1000000,83.940500
10000,0.685400
50000,4.111200
100000,7.598900
500000,40.817100
1000000,84.578900
10000,0.700800
50000,3.738500
100000,8.010200
500000,41.249100
1000000,85.978900
10000,0.684700
50000,4.392200
100000,7.859400
500000,40.648000
1000000,83.643600
10000,0.693200
50000,3.995800
100000,7.644000
500000,42.483100
1000000,83.374100
10000,0.691200
50000,3.731300
100000,7.869100
500000,41.628900
1000000,85.115000
10000,0.700500
50000,3.667100
100000,8.073500
500000,40.746700
1000000,83.592600
10000,0.691600
50000,3.654200
100000,7.706500
500000,40.525900
1000000,82.925200
10000,0.685500
50000,4.468500
100000,7.654300
500000,41.352100
1000000,85.318500
10000,0.689900
50000,3.684000
100000,7.807400
500000,40.714500
1000000,83.412600
10000,0.692600
50000,3.749400
100000,8.049500
500000,40.950900
1000000,84.925300
10000,0.849200
50000,3.720200
100000,7.932400
500000,41.139800
1000000,83.865500
10000,0.688000
50000,3.689300
100000,7.626500
500000,40.903000
1000000,85.243600
10000,0.690400
50000,4.469700
100000,7.764600
500000,40.482600
1000000,84.947100
10000,0.687900
50000,3.696700
100000,7.615300
500000,40.719500
1000000,83.566600
10000,0.731600
50000,3.891100
100000,7.664600
500000,41.428900
1000000,84.822400
10000,0.684800
50000,3.749700
100000,7.605900
500000,41.284800
1000000,83.883800
10000,0.686800
50000,3.711100
100000,7.637200
500000,40.476700
1000000,87.824600
10000,0.725900
50000,3.865100
100000,7.847000
500000,40.532600
1000000,83.749900
10000,0.702200
50000,3.716600
100000,7.799400
500000,41.178500
1000000,84.250100
10000,0.691300
50000,3.683200
100000,7.778300
500000,41.378900
1000000,84.603700
10000,0.699700
50000,3.757000
100000,7.619500
500000,41.937800
1000000,84.082800
10000,0.843100
50000,3.688000
100000,7.786800
500000,40.832600
1000000,84.932900
10000,0.689900
50000,3.714400
100000,8.183400
500000,40.888500
1000000,83.734300
10000,0.689800
50000,3.720500
100000,7.661000
500000,41.251600
1000000,87.338000
10000,0.690100
50000,3.727400
100000,7.559000
500000,41.893400
1000000,85.147700
10000,0.999500
50000,3.689400
100000,8.078900
500000,42.754600
1000000,87.124700
10000,0.681500
50000,3.998700
100000,8.299500
500000,42.546000
1000000,85.350700
10000,0.690400
50000,3.805700
100000,8.575400
500000,43.281600
1000000,85.983200
10000,0.689000
50000,3.735700
100000,7.974100
500000,43.100500
1000000,87.406100
10000,0.687700
50000,3.758300
100000,7.669300
500000,41.706600
1000000,85.057700
10000,0.846400
50000,4.264400
100000,7.594300
500000,41.502000
1000000,87.317700
10000,0.688700
50000,3.649100
100000,7.718300
500000,44.206600
1000000,86.499600
10000,1.045600
50000,3.633000
100000,8.534600
500000,43.432700
1000000,86.263300
10000,0.685500
50000,3.729200
100000,7.961800
500000,42.596900
1000000,86.351300
10000,0.683000
50000,3.774000
100000,7.690400
500000,43.108600
1000000,85.754300
10000,0.691100
50000,4.044900
100000,7.927400
500000,43.037300
1000000,90.424900
10000,0.691600
50000,4.106100
100000,7.570200
500000,43.692600
1000000,85.205600
10000,0.865800
50000,4.363700
100000,7.948200
500000,43.083800
1000000,89.895800
10000,0.681600
50000,3.724900
100000,7.707400
500000,43.419400
1000000,85.798400
10000,0.687300
50000,3.802200
100000,7.583700
500000,44.269300
1000000,87.712900
10000,0.690600
50000,3.723500
100000,7.965800
500000,42.167900
1000000,86.546900
10000,0.685000
50000,4.459000
100000,8.032600
500000,41.401800
1000000,86.389100
10000,0.682900
50000,3.666400
100000,8.260000
500000,41.722900
1000000,86.937000
10000,0.690000
50000,3.665800
100000,7.583600
500000,41.504500
1000000,88.948200
10000,0.693200
50000,3.798000
100000,8.905900
500000,42.725400
1000000,85.298500
10000,0.688800
50000,3.864100
100000,8.447700
500000,41.807100
1000000,87.060300
10000,0.693400
50000,3.699100
100000,7.674300
500000,43.234200
1000000,87.407600
10000,0.691600
50000,3.873200
100000,7.660600
500000,41.679400
1000000,87.381000
10000,0.692700
50000,3.706100
100000,7.677100
500000,42.346300
1000000,83.912100
10000,0.687200
50000,4.391500
100000,7.639900
500000,41.486300
1000000,85.967200
10000,0.684000
50000,3.649000
100000,7.756500
500000,40.767800
1000000,87.400700
10000,0.685900
50000,3.697100
100000,7.590100
500000,41.893800
1000000,85.675500
10000,0.689600
50000,3.791700
100000,7.746700
500000,41.157400
1000000,84.763000
10000,0.683900
50000,3.731600
100000,7.580100
500000,41.095300
1000000,84.638000
10000,0.690500
50000,3.800700
100000,7.533600
500000,40.791800
1000000,84.052300
10000,0.683800
50000,4.459700
100000,8.750100
500000,41.182300
1000000,83.749300
10000,0.869600
50000,3.740400
100000,7.599500
500000,41.360600
1000000,84.390100
10000,0.691100
50000,3.809300
100000,7.633800
500000,41.651500
1000000,86.514800
10000,0.876200
50000,3.804700
100000,7.779900
500000,41.524000
1000000,83.997900
10000,0.855400
50000,3.927600
100000,8.016700
500000,41.230500
1000000,83.808400
10000,0.724100
50000,3.691600
100000,10.507500
500000,41.660300
1000000,85.020500
10000,0.693400
50000,3.740700
100000,8.066300
500000,42.832400
1000000,83.795700
10000,0.697300
50000,3.736100
100000,7.646100
500000,40.665900
1000000,85.554800
10000,0.720400
50000,3.731600
100000,7.634000
500000,42.342100
1000000,84.876800
10000,0.685600
50000,4.277100
100000,7.580300
500000,40.533400
1000000,85.698500
10000,0.685300
50000,3.738900
100000,7.841300
500000,40.943700
1000000,85.921700
10000,0.687600
50000,3.706600
100000,8.189800
500000,41.336500
1000000,85.549300
10000,0.853800
50000,3.786800
100000,8.794900
500000,41.914200
1000000,83.672300
10000,0.690400
50000,3.759800
100000,7.642800
500000,41.178600
1000000,87.383200
10000,0.691700
50000,3.903500
100000,7.748800
500000,41.233900
1000000,85.085000
10000,0.685500
50000,3.753200
100000,7.782600
500000,42.208700
1000000,84.522000
10000,0.696300
50000,3.699200
100000,7.622400
500000,40.958100
1000000,85.001800
10000,0.702800
50000,4.107900
100000,8.120500
500000,41.916200
1000000,84.170200
10000,0.694200
50000,3.686500
100000,7.661200
500000,41.027500
1000000,85.200300
10000,0.693300
50000,4.134700
100000,7.612500
500000,42.050600
1000000,86.390700
10000,1.239700
50000,3.889600
100000,7.727700
500000,43.155900
1000000,88.215100
10000,1.038700
50000,4.231800
100000,7.587700
500000,41.621900
1000000,84.839200
10000,0.689100
50000,4.468900
100000,7.666500
500000,41.088100
1000000,85.725000
10000,0.686200
50000,3.855000
100000,7.699800
500000,40.650800
1000000,84.080600
